nclusters,silhouettescore
2.0,0.14101795408323206
4.0,0.1376233788952431
