nclusters,silhouettescore
4.0,0.11665713843940627
5.0,0.11730748183150407
