nclusters,silhouettescore
2.0,0.11541451787577317
9.0,0.12157356220073472
10.0,0.11152081187977812
