nclusters,silhouettescore
2.0,0.11565966704492892
3.0,0.12069312122431605
4.0,0.11647907428654233
5.0,0.13095581154386624
6.0,0.11144959017555962
7.0,0.13447684293986073
8.0,0.13062842135294261
9.0,0.13288032756089463
10.0,0.13428589245546232
11.0,0.10639825535608752
