nclusters,silhouettescore
2.0,0.11552882221002136
3.0,0.12050117454614329
