nclusters,silhouettescore
6.0,0.06730569425033218
4.0,0.06146555011947473
5.0,0.0532715057357551
3.0,0.05175564791496295
27.0,0.05129290067473867
31.0,0.051052267066611715
