Compound,Name,L,B1,B5,d-total,NBO (N),HOMO,LUMO
NMI,CA-A,6.19,1.78,3.64,1.4577,-0.45422,-0.50456,-0.15753
DBU,CA-B,6.10,2.24,6.21,2.4238,-0.52747,-0.47172,-0.1321
DABCO,CA-C,5.42,2.81,3.11,4.1315,-0.32885,-0.45135,-0.12811
DIPEA,CA-D,4.95,2.96,4.38,1.3828,-0.34846,-0.55158,-0.1058
DMAP,CA-E,8.31,1.89,3.18,2.3811,-0.47069,-0.44126,-0.16953